{
"city1.png":{"x":242,"y":443,"r":0,"sx":1,"sy":0.820892333984375},
"city2.png":{"x":235,"y":485,"r":0,"sx":1,"sy":1},
"city3.png":{"x":548,"y":520,"r":0,"sx":1,"sy":1},
"cloud.png":{"x":522,"y":123,"r":0,"sx":1,"sy":1},
"house1.png":{"x":261,"y":453,"r":0,"sx":1,"sy":1},
"house2.png":{"x":774,"y":453,"r":0,"sx":1,"sy":1},
"logo.png":{"x":139,"y":111,"r":0,"sx":0.8306121826171875,"sy":0.8306884765625},
"street.png":{"x":20,"y":571,"r":0,"sx":1,"sy":1},
"title.png":{"x":509,"y":133,"r":0,"sx":0.6648101806640625,"sy":0.6649017333984375},
"red.png":{"x":343,"y":154,"r":0,"sx":0.6648101806640625,"sy":0.6649017333984375},
"green.png":{"x":731,"y":121,"r":0,"sx":0.6648101806640625,"sy":0.6649017333984375},
"gift1.png":{"x":403,"y":142,"r":0,"sx":0.6648101806640625,"sy":0.6649017333984375},
"gift2.png":{"x":699,"y":91,"r":0,"sx":0.6648101806640625,"sy":0.6649017333984375},
"board.png":{"x":513,"y":353,"r":0,"sx":1.17333984375,"sy":1.17333984375},
"red2.png":{"x":465,"y":517,"r":0,"sx":0.64239501953125,"sy":0.642364501953125},
"green2.png":{"x":559,"y":523,"r":0,"sx":0.72882080078125,"sy":0.72882080078125},
"cha_friends.png":{"x":512,"y":664,"r":0,"sx":0.7895965576171875,"sy":0.78961181640625},
"button.png":{"x":824,"y":664,"r":0,"sx":0.7896728515625,"sy":0.7896728515625},
"share_txt.png":{"x":823,"y":661,"r":0,"sx":1.3375244140625,"sy":1.3375244140625},
"button3.png":{"x":200,"y":664,"r":0,"sx":0.7895965576171875,"sy":0.78961181640625},
"replay_txt.png":{"x":200,"y":664,"r":0,"sx":1.3375244140625,"sy":1.3375244140625}
}
