{
"city1.png":{"x":242,"y":443,"r":0,"sx":1,"sy":0.820892333984375},
"city2.png":{"x":235,"y":485,"r":0,"sx":1,"sy":1},
"city3.png":{"x":548,"y":520,"r":0,"sx":1,"sy":1},
"cloud.png":{"x":483,"y":124,"r":0,"sx":1,"sy":1},
"house1.png":{"x":261,"y":453,"r":0,"sx":1,"sy":1},
"house2.png":{"x":774,"y":453,"r":0,"sx":1,"sy":1},
"logo.png":{"x":109,"y":83,"r":0,"sx":0.8306121826171875,"sy":0.8306884765625},
"street.png":{"x":20,"y":571,"r":0,"sx":1,"sy":1},
"title.png":{"x":509,"y":105,"r":0,"sx":0.6648101806640625,"sy":0.6649017333984375},
"red.png":{"x":344,"y":127,"r":0,"sx":0.6648101806640625,"sy":0.6649017333984375},
"green.png":{"x":731,"y":93,"r":0,"sx":0.6648101806640625,"sy":0.6649017333984375},
"gift1.png":{"x":403,"y":114,"r":0,"sx":0.6648101806640625,"sy":0.6649017333984375},
"gift2.png":{"x":698,"y":63,"r":0,"sx":0.6648101806640625,"sy":0.6649017333984375},
"red2.png":{"x":400,"y":434,"r":0,"sx":1,"sy":1},
"green2.png":{"x":633,"y":460,"r":0,"sx":1,"sy":1},
"button.png":{"x":512,"y":640,"r":0,"sx":0.800079345703125,"sy":0.800079345703125},
"play_txt.png":{"x":512,"y":642,"r":0,"sx":0.800079345703125,"sy":0.800079345703125}
}
