{
"city1.png":{"x":242,"y":443,"r":0,"sx":1,"sy":0.820892333984375},
"city2.png":{"x":235,"y":485,"r":0,"sx":1,"sy":1},
"city3.png":{"x":548,"y":520,"r":0,"sx":1,"sy":1},
"cloud.png":{"x":522,"y":123,"r":0,"sx":1,"sy":1},
"house1.png":{"x":261,"y":453,"r":0,"sx":1,"sy":1},
"house2.png":{"x":774,"y":453,"r":0,"sx":1,"sy":1},
"logo.png":{"x":109,"y":81,"r":0,"sx":0.8306121826171875,"sy":0.8306884765625},
"street.png":{"x":20,"y":571,"r":0,"sx":1,"sy":1},
"red2.png":{"x":150,"y":517,"r":0,"sx":0.64239501953125,"sy":0.642364501953125},
"hit_star.png":{"x":191,"y":590,"r":0,"sx":1,"sy":1},
"giftico.png":{"x":890,"y":50,"r":0,"sx":1,"sy":1}
}
